timestamp,decision,reason,predicted_gap_kw,required_flexibility_kw,resource_selected,power_requested_kw,power_delivered_kw,battery_soc_before,battery_soc_after
2024-01-01 18:45:00,Battery predictive dispatch,Mitigating residual deficit of 52.9 kW,52.92989690108561,52.92989690108561,community_battery,52.92989690108561,52.92989690108561,0.9,0.8721421595257445
2024-01-02 17:30:00,Battery predictive dispatch,Mitigating residual deficit of 26.7 kW,26.71817459359181,26.71817459359181,community_battery,26.71817459359181,26.71817459359181,0.9,0.885937802845478
2024-01-02 17:45:00,Battery reserve created,"Predicted stress in 0 min, gap 18.1 kW",18.110395535654334,18.110395535654334,community_battery,0.0,0.0,0.885937802845478,0.885937802845478
2024-01-02 17:45:00,Pre-shift: hvac,Upcoming stress in 0 min (lead time preparation),18.110395535654334,18.110395535654334,hvac_fleet,18.110395535654334,18.110395535654334,0.885937802845478,0.885937802845478
2024-01-02 17:45:00,Battery predictive dispatch,Mitigating residual deficit of 2.8 kW,2.7510102426244885,2.7510102426244885,community_battery,2.7510102426244885,2.7510102426244885,0.885937802845478,0.8844899027177808
2024-01-02 18:00:00,Battery reserve created,"Predicted stress in 0 min, gap 70.3 kW",70.28985518041009,70.28985518041009,community_battery,0.0,0.0,0.8844899027177808,0.8844899027177808
2024-01-02 18:00:00,Pre-shift: ev_charging,Upcoming stress in 0 min (lead time preparation),70.28985518041009,70.28985518041009,ev_charging_fleet,70.28985518041009,70.28985518041009,0.8844899027177808,0.8844899027177808
2024-01-02 18:00:00,Battery predictive dispatch,Mitigating residual deficit of 52.0 kW,51.97538258555278,51.97538258555278,community_battery,51.97538258555278,51.97538258555278,0.8844899027177808,0.8571344381990689
2024-01-02 18:15:00,Battery reserve created,"Predicted stress in 0 min, gap 104.3 kW",104.31399714524332,104.31399714524332,community_battery,0.0,0.0,0.8571344381990689,0.8571344381990689
2024-01-02 18:15:00,Pre-shift: ev_charging,Upcoming stress in 0 min (lead time preparation),104.31399714524332,104.31399714524332,ev_charging_fleet,15.1551818621665,15.1551818621665,0.8571344381990689,0.8571344381990689
2024-01-02 18:15:00,Pre-shift: water_pumping,Upcoming stress in 0 min (lead time preparation),104.31399714524332,104.31399714524332,water_pumping_fleet,89.15881528307682,89.15881528307682,0.8571344381990689,0.8571344381990689
2024-01-02 18:15:00,Battery predictive dispatch,Mitigating residual deficit of 23.3 kW,23.282253592888992,23.282253592888992,community_battery,23.282253592888992,23.282253592888992,0.8571344381990689,0.844880620518601
2024-01-02 18:30:00,Battery reserve created,"Predicted stress in 0 min, gap 127.6 kW",127.62433383432699,127.62433383432699,community_battery,0.0,0.0,0.844880620518601,0.844880620518601
2024-01-02 18:30:00,Pre-shift: hvac,Upcoming stress in 0 min (lead time preparation),127.62433383432699,127.62433383432699,hvac_fleet,26.71817459359181,26.71817459359181,0.844880620518601,0.844880620518601
2024-01-02 18:30:00,Pre-shift: agricultural_pumping,Upcoming stress in 0 min (lead time preparation),127.62433383432699,127.62433383432699,agricultural_pumping_fleet,52.55893112403419,52.55893112403419,0.844880620518601,0.844880620518601
2024-01-02 18:30:00,Pre-shift: commercial_refrigeration,Upcoming stress in 0 min (lead time preparation),127.62433383432699,127.62433383432699,commercial_refrigeration_fleet,12.0,12.0,0.844880620518601,0.844880620518601
2024-01-02 18:30:00,Battery predictive dispatch,Mitigating residual deficit of 12.8 kW,12.842836250402797,12.842836250402797,community_battery,12.842836250402797,12.842836250402797,0.844880620518601,0.838121233018389
2024-01-02 18:45:00,Battery reserve created,"Predicted stress in 0 min, gap 114.5 kW",114.46269033518274,114.46269033518274,community_battery,0.0,0.0,0.838121233018389,0.838121233018389
2024-01-02 18:45:00,Pre-shift: hvac,Upcoming stress in 0 min (lead time preparation),114.46269033518274,114.46269033518274,hvac_fleet,18.28182540640819,18.28182540640819,0.838121233018389,0.838121233018389
2024-01-02 19:00:00,Battery reserve created,"Predicted stress in 0 min, gap 117.3 kW",117.29213014038214,117.29213014038214,community_battery,0.0,0.0,0.838121233018389,0.838121233018389
2024-01-02 19:00:00,Pre-shift: commercial_refrigeration,Upcoming stress in 0 min (lead time preparation),117.29213014038214,117.29213014038214,commercial_refrigeration_fleet,12.0,12.0,0.838121233018389,0.838121233018389
2024-01-02 19:15:00,Battery reserve created,"Predicted stress in 0 min, gap 99.3 kW",99.31455103037615,99.31455103037615,community_battery,0.0,0.0,0.838121233018389,0.838121233018389
2024-01-02 19:30:00,Battery reserve created,"Predicted stress in 0 min, gap 84.3 kW",84.33767572854413,84.33767572854413,community_battery,0.0,0.0,0.838121233018389,0.838121233018389
2024-01-02 19:30:00,Pre-shift: hvac,Upcoming stress in 0 min (lead time preparation),84.33767572854413,84.33767572854413,hvac_fleet,26.71817459359181,26.71817459359181,0.838121233018389,0.838121233018389
2024-01-02 19:30:00,Pre-shift: commercial_refrigeration,Upcoming stress in 0 min (lead time preparation),84.33767572854413,84.33767572854413,commercial_refrigeration_fleet,12.0,12.0,0.838121233018389,0.838121233018389
2024-01-02 19:45:00,Battery reserve created,"Predicted stress in 0 min, gap 90.0 kW",89.96954085824791,89.96954085824791,community_battery,0.0,0.0,0.838121233018389,0.838121233018389
2024-01-02 19:45:00,Pre-shift: hvac,Upcoming stress in 0 min (lead time preparation),89.96954085824791,89.96954085824791,hvac_fleet,18.28182540640819,18.28182540640819,0.838121233018389,0.838121233018389
2024-01-02 19:45:00,Pre-shift: ev_charging,Upcoming stress in 0 min (lead time preparation),89.96954085824791,89.96954085824791,ev_charging_fleet,2.579580371870634,2.579580371870634,0.838121233018389,0.838121233018389
2024-01-02 20:00:00,Battery reserve created,"Predicted stress in 0 min, gap 83.3 kW",83.26671118693321,83.26671118693321,community_battery,0.0,0.0,0.838121233018389,0.838121233018389
2024-01-02 20:00:00,Pre-shift: ev_charging,Upcoming stress in 0 min (lead time preparation),83.26671118693321,83.26671118693321,ev_charging_fleet,83.26671118693321,83.26671118693321,0.838121233018389,0.838121233018389
2024-01-02 20:15:00,Battery reserve created,"Predicted stress in 0 min, gap 25.5 kW",25.53252745763075,25.53252745763075,community_battery,0.0,0.0,0.838121233018389,0.838121233018389
2024-01-02 20:15:00,Pre-shift: ev_charging,Upcoming stress in 0 min (lead time preparation),25.53252745763075,25.53252745763075,ev_charging_fleet,25.53252745763075,25.53252745763075,0.838121233018389,0.838121233018389
2024-01-03 17:30:00,Battery reserve created,"Predicted stress in 0 min, gap 16.4 kW",16.4473608615599,16.4473608615599,community_battery,0.0,0.0,0.9,0.9
2024-01-03 17:30:00,Pre-shift: hvac,Upcoming stress in 0 min (lead time preparation),16.4473608615599,16.4473608615599,hvac_fleet,16.4473608615599,16.4473608615599,0.9,0.9
2024-01-03 17:45:00,Battery reserve created,"Predicted stress in 0 min, gap 50.5 kW",50.52215411704174,50.52215411704174,community_battery,0.0,0.0,0.9,0.9
2024-01-03 17:45:00,Pre-shift: hvac,Upcoming stress in 0 min (lead time preparation),50.52215411704174,50.52215411704174,hvac_fleet,28.5526391384401,28.5526391384401,0.9,0.9
2024-01-03 17:45:00,Pre-shift: ev_charging,Upcoming stress in 0 min (lead time preparation),50.52215411704174,50.52215411704174,ev_charging_fleet,21.969514978601637,21.969514978601637,0.9,0.9
2024-01-03 18:00:00,Battery reserve created,"Predicted stress in 0 min, gap 120.1 kW",120.06895453184916,120.06895453184916,community_battery,0.0,0.0,0.9,0.9
2024-01-03 18:00:00,Pre-shift: ev_charging,Upcoming stress in 0 min (lead time preparation),120.06895453184916,120.06895453184916,ev_charging_fleet,118.03048502139836,118.03048502139836,0.9,0.9
2024-01-03 18:00:00,Pre-shift: water_pumping,Upcoming stress in 0 min (lead time preparation),120.06895453184916,120.06895453184916,water_pumping_fleet,2.0384695104507955,2.0384695104507955,0.9,0.9
2024-01-03 18:15:00,Battery reserve created,"Predicted stress in 0 min, gap 150.4 kW",150.43939768880773,150.43939768880773,community_battery,0.0,0.0,0.9,0.9
2024-01-03 18:15:00,Pre-shift: water_pumping,Upcoming stress in 0 min (lead time preparation),150.43939768880773,150.43939768880773,water_pumping_fleet,102.9615304895492,102.9615304895492,0.9,0.9
2024-01-03 18:15:00,Pre-shift: agricultural_pumping,Upcoming stress in 0 min (lead time preparation),150.43939768880773,150.43939768880773,agricultural_pumping_fleet,47.477867199258526,47.477867199258526,0.9,0.9
2024-01-03 18:30:00,Battery reserve created,"Predicted stress in 0 min, gap 154.0 kW",154.01347210151926,154.01347210151926,community_battery,0.0,0.0,0.9,0.9
2024-01-03 18:30:00,Pre-shift: hvac,Upcoming stress in 0 min (lead time preparation),154.01347210151926,154.01347210151926,hvac_fleet,16.4473608615599,16.4473608615599,0.9,0.9
2024-01-03 18:30:00,Pre-shift: agricultural_pumping,Upcoming stress in 0 min (lead time preparation),154.01347210151926,154.01347210151926,agricultural_pumping_fleet,12.522132800741474,12.522132800741474,0.9,0.9
2024-01-03 18:30:00,Pre-shift: commercial_refrigeration,Upcoming stress in 0 min (lead time preparation),154.01347210151926,154.01347210151926,commercial_refrigeration_fleet,12.0,12.0,0.9,0.9
2024-01-03 18:45:00,Battery reserve created,"Predicted stress in 0 min, gap 154.6 kW",154.6274076644172,154.6274076644172,community_battery,0.0,0.0,0.9,0.9
2024-01-03 18:45:00,Pre-shift: hvac,Upcoming stress in 0 min (lead time preparation),154.6274076644172,154.6274076644172,hvac_fleet,28.5526391384401,28.5526391384401,0.9,0.9
2024-01-03 19:00:00,Battery reserve created,"Predicted stress in 0 min, gap 190.6 kW",190.63748440028894,190.63748440028894,community_battery,0.0,0.0,0.9,0.9
2024-01-03 19:00:00,Pre-shift: commercial_refrigeration,Upcoming stress in 0 min (lead time preparation),190.63748440028894,190.63748440028894,commercial_refrigeration_fleet,12.0,12.0,0.9,0.9
2024-01-03 19:15:00,Battery reserve created,"Predicted stress in 0 min, gap 150.2 kW",150.24709574873077,150.24709574873077,community_battery,0.0,0.0,0.9,0.9
2024-01-03 19:30:00,Battery reserve created,"Predicted stress in 0 min, gap 139.5 kW",139.51326593418798,139.51326593418798,community_battery,0.0,0.0,0.9,0.9
2024-01-03 19:30:00,Pre-shift: hvac,Upcoming stress in 0 min (lead time preparation),139.51326593418798,139.51326593418798,hvac_fleet,16.4473608615599,16.4473608615599,0.9,0.9
2024-01-03 19:30:00,Pre-shift: commercial_refrigeration,Upcoming stress in 0 min (lead time preparation),139.51326593418798,139.51326593418798,commercial_refrigeration_fleet,12.0,12.0,0.9,0.9
2024-01-03 19:45:00,Battery reserve created,"Predicted stress in 0 min, gap 142.8 kW",142.75887887432782,142.75887887432782,community_battery,0.0,0.0,0.9,0.9
2024-01-03 19:45:00,Pre-shift: hvac,Upcoming stress in 0 min (lead time preparation),142.75887887432782,142.75887887432782,hvac_fleet,28.5526391384401,28.5526391384401,0.9,0.9
2024-01-03 19:45:00,Pre-shift: ev_charging,Upcoming stress in 0 min (lead time preparation),142.75887887432782,142.75887887432782,ev_charging_fleet,21.969514978601637,21.969514978601637,0.9,0.9
2024-01-03 20:00:00,Battery reserve created,"Predicted stress in 0 min, gap 104.5 kW",104.52708058092003,104.52708058092003,community_battery,0.0,0.0,0.9,0.9
2024-01-03 20:00:00,Pre-shift: ev_charging,Upcoming stress in 0 min (lead time preparation),104.52708058092003,104.52708058092003,ev_charging_fleet,104.52708058092003,104.52708058092003,0.9,0.9
2024-01-03 20:15:00,Battery reserve created,"Predicted stress in 0 min, gap 93.0 kW",93.04642636819744,93.04642636819744,community_battery,0.0,0.0,0.9,0.9
2024-01-03 20:15:00,Pre-shift: ev_charging,Upcoming stress in 0 min (lead time preparation),93.04642636819744,93.04642636819744,ev_charging_fleet,13.503404440478334,13.503404440478334,0.9,0.9
2024-01-03 20:15:00,Pre-shift: water_pumping,Upcoming stress in 0 min (lead time preparation),93.04642636819744,93.04642636819744,water_pumping_fleet,79.54302192771911,79.54302192771911,0.9,0.9
2024-01-03 20:30:00,Battery reserve created,"Predicted stress in 0 min, gap 34.7 kW",34.67935060946138,34.67935060946138,community_battery,0.0,0.0,0.9,0.9
2024-01-03 20:30:00,Pre-shift: hvac,Upcoming stress in 0 min (lead time preparation),34.67935060946138,34.67935060946138,hvac_fleet,16.4473608615599,16.4473608615599,0.9,0.9
2024-01-03 20:30:00,Pre-shift: water_pumping,Upcoming stress in 0 min (lead time preparation),34.67935060946138,34.67935060946138,water_pumping_fleet,18.23198974790148,18.23198974790148,0.9,0.9
2024-01-04 18:00:00,Battery reserve created,"Predicted stress in 0 min, gap 95.7 kW",95.69784676216432,95.69784676216432,community_battery,0.0,0.0,0.9,0.9
2024-01-04 18:00:00,Pre-shift: hvac,Upcoming stress in 0 min (lead time preparation),95.69784676216432,95.69784676216432,hvac_fleet,45.0,45.0,0.9,0.9
2024-01-04 18:00:00,Pre-shift: ev_charging,Upcoming stress in 0 min (lead time preparation),95.69784676216432,95.69784676216432,ev_charging_fleet,50.69784676216432,50.69784676216432,0.9,0.9
2024-01-04 18:00:00,Battery predictive dispatch,Mitigating residual deficit of 0.4 kW,0.37164608046850844,0.37164608046850844,community_battery,0.37164608046850844,0.37164608046850844,0.9,0.8998043967997534
2024-01-04 18:15:00,Battery reserve created,"Predicted stress in 0 min, gap 113.3 kW",113.2963604183974,113.2963604183974,community_battery,0.0,0.0,0.8998043967997534,0.8998043967997534
2024-01-04 18:15:00,Pre-shift: ev_charging,Upcoming stress in 0 min (lead time preparation),113.2963604183974,113.2963604183974,ev_charging_fleet,88.93050715736717,88.93050715736717,0.8998043967997534,0.8998043967997534
2024-01-04 18:15:00,Pre-shift: water_pumping,Upcoming stress in 0 min (lead time preparation),113.2963604183974,113.2963604183974,water_pumping_fleet,24.365853261030225,24.365853261030225,0.8998043967997534,0.8998043967997534
2024-01-04 18:15:00,Battery predictive dispatch,Mitigating residual deficit of 3.2 kW,3.1573429014051726,3.1573429014051726,community_battery,3.1573429014051726,3.1573429014051726,0.8998043967997534,0.8981426373779613
2024-01-04 18:30:00,Battery reserve created,"Predicted stress in 0 min, gap 141.4 kW",141.4195692210974,141.4195692210974,community_battery,0.0,0.0,0.8981426373779613,0.8981426373779613
2024-01-04 18:30:00,Pre-shift: water_pumping,Upcoming stress in 0 min (lead time preparation),141.4195692210974,141.4195692210974,water_pumping_fleet,77.4768038375646,77.4768038375646,0.8981426373779613,0.8981426373779613
2024-01-04 18:30:00,Pre-shift: agricultural_pumping,Upcoming stress in 0 min (lead time preparation),141.4195692210974,141.4195692210974,agricultural_pumping_fleet,60.0,60.0,0.8981426373779613,0.8981426373779613
2024-01-04 18:30:00,Pre-shift: commercial_refrigeration,Upcoming stress in 0 min (lead time preparation),141.4195692210974,141.4195692210974,commercial_refrigeration_fleet,3.9427653835327874,3.9427653835327874,0.8981426373779613,0.8981426373779613
2024-01-04 18:45:00,Battery reserve created,"Predicted stress in 0 min, gap 141.7 kW",141.6916759974656,141.6916759974656,community_battery,0.0,0.0,0.8981426373779613,0.8981426373779613
2024-01-04 18:45:00,Pre-shift: commercial_refrigeration,Upcoming stress in 0 min (lead time preparation),141.6916759974656,141.6916759974656,commercial_refrigeration_fleet,8.057234616467213,8.057234616467213,0.8981426373779613,0.8981426373779613
2024-01-04 19:00:00,Battery reserve created,"Predicted stress in 0 min, gap 118.7 kW",118.67087357715582,118.67087357715582,community_battery,0.0,0.0,0.8981426373779613,0.8981426373779613
2024-01-04 19:00:00,Pre-shift: hvac,Upcoming stress in 0 min (lead time preparation),118.67087357715582,118.67087357715582,hvac_fleet,45.0,45.0,0.8981426373779613,0.8981426373779613
2024-01-04 19:00:00,Pre-shift: commercial_refrigeration,Upcoming stress in 0 min (lead time preparation),118.67087357715582,118.67087357715582,commercial_refrigeration_fleet,3.9427653835327874,3.9427653835327874,0.8981426373779613,0.8981426373779613
2024-01-04 19:15:00,Battery reserve created,"Predicted stress in 0 min, gap 98.3 kW",98.3050918986537,98.3050918986537,community_battery,0.0,0.0,0.8981426373779613,0.8981426373779613
2024-01-04 19:15:00,Pre-shift: commercial_refrigeration,Upcoming stress in 0 min (lead time preparation),98.3050918986537,98.3050918986537,commercial_refrigeration_fleet,8.057234616467213,8.057234616467213,0.8981426373779613,0.8981426373779613
2024-01-04 19:30:00,Battery reserve created,"Predicted stress in 0 min, gap 90.2 kW",90.22965707087087,90.22965707087087,community_battery,0.0,0.0,0.8981426373779613,0.8981426373779613
2024-01-04 19:30:00,Pre-shift: commercial_refrigeration,Upcoming stress in 0 min (lead time preparation),90.22965707087087,90.22965707087087,commercial_refrigeration_fleet,3.9427653835327874,3.9427653835327874,0.8981426373779613,0.8981426373779613
2024-01-04 19:45:00,Battery reserve created,"Predicted stress in 0 min, gap 64.4 kW",64.35815401573655,64.35815401573655,community_battery,0.0,0.0,0.8981426373779613,0.8981426373779613
2024-01-04 19:45:00,Pre-shift: commercial_refrigeration,Upcoming stress in 0 min (lead time preparation),64.35815401573655,64.35815401573655,commercial_refrigeration_fleet,8.057234616467213,8.057234616467213,0.8981426373779613,0.8981426373779613
2024-01-04 20:00:00,Battery reserve created,"Predicted stress in 0 min, gap 83.4 kW",83.39281769682884,83.39281769682884,community_battery,0.0,0.0,0.8981426373779613,0.8981426373779613
2024-01-04 20:00:00,Pre-shift: hvac,Upcoming stress in 0 min (lead time preparation),83.39281769682884,83.39281769682884,hvac_fleet,45.0,45.0,0.8981426373779613,0.8981426373779613
2024-01-04 20:00:00,Pre-shift: ev_charging,Upcoming stress in 0 min (lead time preparation),83.39281769682884,83.39281769682884,ev_charging_fleet,38.39281769682884,38.39281769682884,0.8981426373779613,0.8981426373779613
2024-01-04 20:15:00,Battery reserve created,"Predicted stress in 0 min, gap 39.0 kW",39.006991343339905,39.006991343339905,community_battery,0.0,0.0,0.8981426373779613,0.8981426373779613
2024-01-04 20:15:00,Pre-shift: ev_charging,Upcoming stress in 0 min (lead time preparation),39.006991343339905,39.006991343339905,ev_charging_fleet,39.006991343339905,39.006991343339905,0.8981426373779613,0.8981426373779613
2024-01-05 19:00:00,Battery reserve created,"Predicted stress in 0 min, gap 8.6 kW",8.646746266696937,8.646746266696937,community_battery,0.0,0.0,0.9,0.9
2024-01-05 19:00:00,Pre-shift: hvac,Upcoming stress in 0 min (lead time preparation),8.646746266696937,8.646746266696937,hvac_fleet,8.646746266696937,8.646746266696937,0.9,0.9
2024-01-05 19:45:00,Battery reserve created,"Predicted stress in 0 min, gap 4.1 kW",4.128255564183746,4.128255564183746,community_battery,0.0,0.0,0.9,0.9
2024-01-05 19:45:00,Pre-shift: hvac,Upcoming stress in 0 min (lead time preparation),4.128255564183746,4.128255564183746,hvac_fleet,4.128255564183746,4.128255564183746,0.9,0.9
2024-01-06 18:30:00,Battery predictive dispatch,Mitigating residual deficit of 16.9 kW,16.915258815694415,16.915258815694415,community_battery,16.915258815694415,16.915258815694415,0.9,0.8910972322022661
2024-01-06 18:45:00,Battery predictive dispatch,Mitigating residual deficit of 36.0 kW,36.03195751583735,36.03195751583735,community_battery,36.03195751583735,36.03195751583735,0.8910972322022661,0.872133044036036
2024-01-06 19:00:00,Battery reserve created,"Predicted stress in 0 min, gap 6.0 kW",6.046668641378346,6.046668641378346,community_battery,0.0,0.0,0.872133044036036,0.872133044036036
2024-01-06 19:00:00,Pre-shift: ev_charging,Upcoming stress in 0 min (lead time preparation),6.046668641378346,6.046668641378346,ev_charging_fleet,6.046668641378346,6.046668641378346,0.872133044036036,0.872133044036036
2024-01-08 17:45:00,Battery predictive dispatch,Mitigating residual deficit of 62.4 kW,62.43545495028093,62.43545495028093,community_battery,62.43545495028093,62.43545495028093,0.9,0.8671392342366943
2024-01-08 18:00:00,Battery predictive dispatch,Mitigating residual deficit of 58.6 kW,58.642341081996165,58.642341081996165,community_battery,58.642341081996165,58.642341081996165,0.8671392342366943,0.8362748441935384
2024-01-08 18:15:00,Battery reserve created,"Predicted stress in 0 min, gap 7.5 kW",7.485016935128897,7.485016935128897,community_battery,0.0,0.0,0.8362748441935384,0.8362748441935384
2024-01-08 18:15:00,Pre-shift: ev_charging,Upcoming stress in 0 min (lead time preparation),7.485016935128897,7.485016935128897,ev_charging_fleet,7.485016935128897,7.485016935128897,0.8362748441935384,0.8362748441935384
2024-01-08 18:15:00,Battery predictive dispatch,Mitigating residual deficit of 0.2 kW,0.22135479386406587,0.22135479386406587,community_battery,0.22135479386406587,0.22135479386406587,0.8362748441935384,0.836158341670452
2024-01-08 18:30:00,Battery reserve created,"Predicted stress in 0 min, gap 6.0 kW",5.988635098257419,5.988635098257419,community_battery,0.0,0.0,0.836158341670452,0.836158341670452
2024-01-08 18:30:00,Pre-shift: ev_charging,Upcoming stress in 0 min (lead time preparation),5.988635098257419,5.988635098257419,ev_charging_fleet,5.988635098257419,5.988635098257419,0.836158341670452,0.836158341670452
2024-01-08 18:30:00,Battery predictive dispatch,Mitigating residual deficit of 76.8 kW,76.79855565615662,76.79855565615662,community_battery,76.79855565615662,76.79855565615662,0.836158341670452,0.7957380492198433
2024-01-08 18:45:00,Battery reserve created,"Predicted stress in 0 min, gap 38.7 kW",38.74591415485838,38.74591415485838,community_battery,0.0,0.0,0.7957380492198433,0.7957380492198433
2024-01-08 18:45:00,Pre-shift: hvac,Upcoming stress in 0 min (lead time preparation),38.74591415485838,38.74591415485838,hvac_fleet,38.74591415485838,38.74591415485838,0.7957380492198433,0.7957380492198433
2024-01-08 18:45:00,Battery predictive dispatch,Mitigating residual deficit of 86.9 kW,86.86546032841943,86.86546032841943,community_battery,86.86546032841943,86.86546032841943,0.7957380492198433,0.7500193858890962
2024-01-08 19:00:00,Battery reserve created,"Predicted stress in 0 min, gap 34.1 kW",34.112418598356726,34.112418598356726,community_battery,0.0,0.0,0.7500193858890962,0.7500193858890962
2024-01-08 19:00:00,Pre-shift: agricultural_pumping,Upcoming stress in 0 min (lead time preparation),34.112418598356726,34.112418598356726,agricultural_pumping_fleet,34.112418598356726,34.112418598356726,0.7500193858890962,0.7500193858890962
2024-01-08 19:15:00,Battery reserve created,"Predicted stress in 0 min, gap 3.1 kW",3.0791854308149595,3.0791854308149595,community_battery,0.0,0.0,0.7500193858890962,0.7500193858890962
2024-01-08 19:15:00,Pre-shift: agricultural_pumping,Upcoming stress in 0 min (lead time preparation),3.0791854308149595,3.0791854308149595,agricultural_pumping_fleet,3.0791854308149595,3.0791854308149595,0.7500193858890962,0.7500193858890962
2024-01-09 17:45:00,Battery reserve created,"Predicted stress in 0 min, gap 47.5 kW",47.52656147069865,47.52656147069865,community_battery,0.0,0.0,0.9,0.9
2024-01-09 17:45:00,Pre-shift: hvac,Upcoming stress in 0 min (lead time preparation),47.52656147069865,47.52656147069865,hvac_fleet,45.0,45.0,0.9,0.9
2024-01-09 17:45:00,Pre-shift: ev_charging,Upcoming stress in 0 min (lead time preparation),47.52656147069865,47.52656147069865,ev_charging_fleet,2.5265614706986526,2.5265614706986526,0.9,0.9
2024-01-09 18:00:00,Battery reserve created,"Predicted stress in 0 min, gap 111.4 kW",111.38515668955688,111.38515668955688,community_battery,0.0,0.0,0.9,0.9
2024-01-09 18:00:00,Pre-shift: ev_charging,Upcoming stress in 0 min (lead time preparation),111.38515668955688,111.38515668955688,ev_charging_fleet,111.38515668955688,111.38515668955688,0.9,0.9
2024-01-09 18:15:00,Battery reserve created,"Predicted stress in 0 min, gap 117.9 kW",117.93914815158041,117.93914815158041,community_battery,0.0,0.0,0.9,0.9
2024-01-09 18:15:00,Pre-shift: ev_charging,Upcoming stress in 0 min (lead time preparation),117.93914815158041,117.93914815158041,ev_charging_fleet,26.088281839744468,26.088281839744468,0.9,0.9
2024-01-09 18:15:00,Pre-shift: water_pumping,Upcoming stress in 0 min (lead time preparation),117.93914815158041,117.93914815158041,water_pumping_fleet,91.85086631183594,91.85086631183594,0.9,0.9
2024-01-09 18:30:00,Battery reserve created,"Predicted stress in 0 min, gap 137.0 kW",136.9597490276151,136.9597490276151,community_battery,0.0,0.0,0.9,0.9
2024-01-09 18:30:00,Pre-shift: water_pumping,Upcoming stress in 0 min (lead time preparation),136.9597490276151,136.9597490276151,water_pumping_fleet,13.149133688164056,13.149133688164056,0.9,0.9
2024-01-09 18:30:00,Pre-shift: agricultural_pumping,Upcoming stress in 0 min (lead time preparation),136.9597490276151,136.9597490276151,agricultural_pumping_fleet,60.0,60.0,0.9,0.9
2024-01-09 18:30:00,Pre-shift: commercial_refrigeration,Upcoming stress in 0 min (lead time preparation),136.9597490276151,136.9597490276151,commercial_refrigeration_fleet,12.0,12.0,0.9,0.9
2024-01-09 18:45:00,Battery reserve created,"Predicted stress in 0 min, gap 151.6 kW",151.6431224468124,151.6431224468124,community_battery,0.0,0.0,0.9,0.9
2024-01-09 18:45:00,Pre-shift: hvac,Upcoming stress in 0 min (lead time preparation),151.6431224468124,151.6431224468124,hvac_fleet,45.0,45.0,0.9,0.9
2024-01-09 19:00:00,Battery reserve created,"Predicted stress in 0 min, gap 140.8 kW",140.77982071461884,140.77982071461884,community_battery,0.0,0.0,0.9,0.9
2024-01-09 19:00:00,Pre-shift: commercial_refrigeration,Upcoming stress in 0 min (lead time preparation),140.77982071461884,140.77982071461884,commercial_refrigeration_fleet,12.0,12.0,0.9,0.9
2024-01-09 19:15:00,Battery reserve created,"Predicted stress in 0 min, gap 84.0 kW",84.0474957139304,84.0474957139304,community_battery,0.0,0.0,0.9,0.9
2024-01-09 19:30:00,Battery reserve created,"Predicted stress in 0 min, gap 88.4 kW",88.35398668414564,88.35398668414564,community_battery,0.0,0.0,0.9,0.9
2024-01-09 19:30:00,Pre-shift: commercial_refrigeration,Upcoming stress in 0 min (lead time preparation),88.35398668414564,88.35398668414564,commercial_refrigeration_fleet,12.0,12.0,0.9,0.9
2024-01-09 19:45:00,Battery reserve created,"Predicted stress in 0 min, gap 66.9 kW",66.92610058107039,66.92610058107039,community_battery,0.0,0.0,0.9,0.9
2024-01-09 19:45:00,Pre-shift: hvac,Upcoming stress in 0 min (lead time preparation),66.92610058107039,66.92610058107039,hvac_fleet,45.0,45.0,0.9,0.9
2024-01-09 19:45:00,Pre-shift: ev_charging,Upcoming stress in 0 min (lead time preparation),66.92610058107039,66.92610058107039,ev_charging_fleet,2.5265614706986526,2.5265614706986526,0.9,0.9
2024-01-09 20:00:00,Battery reserve created,"Predicted stress in 0 min, gap 45.0 kW",45.03260733917159,45.03260733917159,community_battery,0.0,0.0,0.9,0.9
2024-01-09 20:00:00,Pre-shift: ev_charging,Upcoming stress in 0 min (lead time preparation),45.03260733917159,45.03260733917159,ev_charging_fleet,45.03260733917159,45.03260733917159,0.9,0.9
2024-01-09 20:15:00,Battery reserve created,"Predicted stress in 0 min, gap 39.6 kW",39.5648938384752,39.5648938384752,community_battery,0.0,0.0,0.9,0.9
2024-01-09 20:15:00,Pre-shift: ev_charging,Upcoming stress in 0 min (lead time preparation),39.5648938384752,39.5648938384752,ev_charging_fleet,39.5648938384752,39.5648938384752,0.9,0.9
2024-01-09 20:30:00,Battery reserve created,"Predicted stress in 0 min, gap 0.0 kW",0.031077213994194608,0.031077213994194608,community_battery,0.0,0.0,0.9,0.9
2024-01-09 20:30:00,Pre-shift: ev_charging,Upcoming stress in 0 min (lead time preparation),0.031077213994194608,0.031077213994194608,ev_charging_fleet,0.031077213994194608,0.031077213994194608,0.9,0.9
2024-01-10 17:45:00,Battery reserve created,"Predicted stress in 0 min, gap 46.5 kW",46.52581902219708,46.52581902219708,community_battery,0.0,0.0,0.9,0.9
2024-01-10 17:45:00,Pre-shift: hvac,Upcoming stress in 0 min (lead time preparation),46.52581902219708,46.52581902219708,hvac_fleet,45.0,45.0,0.9,0.9
2024-01-10 17:45:00,Pre-shift: ev_charging,Upcoming stress in 0 min (lead time preparation),46.52581902219708,46.52581902219708,ev_charging_fleet,1.5258190221970835,1.5258190221970835,0.9,0.9
2024-01-10 17:45:00,Battery predictive dispatch,Mitigating residual deficit of 16.1 kW,16.083446835625637,16.083446835625637,community_battery,16.083446835625637,16.083446835625637,0.9,0.8915350279812497
2024-01-10 18:00:00,Battery reserve created,"Predicted stress in 0 min, gap 122.0 kW",121.97693695838598,121.97693695838598,community_battery,0.0,0.0,0.8915350279812497,0.8915350279812497
2024-01-10 18:00:00,Pre-shift: ev_charging,Upcoming stress in 0 min (lead time preparation),121.97693695838598,121.97693695838598,ev_charging_fleet,121.97693695838598,121.97693695838598,0.8915350279812497,0.8915350279812497
2024-01-10 18:15:00,Battery reserve created,"Predicted stress in 0 min, gap 121.8 kW",121.76690110150548,121.76690110150548,community_battery,0.0,0.0,0.8915350279812497,0.8915350279812497
2024-01-10 18:15:00,Pre-shift: ev_charging,Upcoming stress in 0 min (lead time preparation),121.76690110150548,121.76690110150548,ev_charging_fleet,0.4137971837913028,0.4137971837913028,0.8915350279812497,0.8915350279812497
2024-01-10 18:15:00,Pre-shift: water_pumping,Upcoming stress in 0 min (lead time preparation),121.76690110150548,121.76690110150548,water_pumping_fleet,105.0,105.0,0.8915350279812497,0.8915350279812497
2024-01-10 18:15:00,Pre-shift: agricultural_pumping,Upcoming stress in 0 min (lead time preparation),121.76690110150548,121.76690110150548,agricultural_pumping_fleet,16.35310391771418,16.35310391771418,0.8915350279812497,0.8915350279812497
2024-01-10 18:30:00,Battery reserve created,"Predicted stress in 0 min, gap 120.0 kW",119.99609258163491,119.99609258163491,community_battery,0.0,0.0,0.8915350279812497,0.8915350279812497
2024-01-10 18:30:00,Pre-shift: agricultural_pumping,Upcoming stress in 0 min (lead time preparation),119.99609258163491,119.99609258163491,agricultural_pumping_fleet,43.64689608228582,43.64689608228582,0.8915350279812497,0.8915350279812497
2024-01-10 18:30:00,Pre-shift: commercial_refrigeration,Upcoming stress in 0 min (lead time preparation),119.99609258163491,119.99609258163491,commercial_refrigeration_fleet,12.0,12.0,0.8915350279812497,0.8915350279812497
2024-01-10 18:45:00,Battery reserve created,"Predicted stress in 0 min, gap 135.5 kW",135.48994286918014,135.48994286918014,community_battery,0.0,0.0,0.8915350279812497,0.8915350279812497
2024-01-10 18:45:00,Pre-shift: hvac,Upcoming stress in 0 min (lead time preparation),135.48994286918014,135.48994286918014,hvac_fleet,45.0,45.0,0.8915350279812497,0.8915350279812497
2024-01-10 19:00:00,Battery reserve created,"Predicted stress in 0 min, gap 115.1 kW",115.0806794515297,115.0806794515297,community_battery,0.0,0.0,0.8915350279812497,0.8915350279812497
2024-01-10 19:00:00,Pre-shift: commercial_refrigeration,Upcoming stress in 0 min (lead time preparation),115.0806794515297,115.0806794515297,commercial_refrigeration_fleet,12.0,12.0,0.8915350279812497,0.8915350279812497
2024-01-10 19:15:00,Battery reserve created,"Predicted stress in 0 min, gap 73.5 kW",73.49348737312948,73.49348737312948,community_battery,0.0,0.0,0.8915350279812497,0.8915350279812497
2024-01-10 19:30:00,Battery reserve created,"Predicted stress in 0 min, gap 83.1 kW",83.105406366843,83.105406366843,community_battery,0.0,0.0,0.8915350279812497,0.8915350279812497
2024-01-10 19:30:00,Pre-shift: commercial_refrigeration,Upcoming stress in 0 min (lead time preparation),83.105406366843,83.105406366843,commercial_refrigeration_fleet,12.0,12.0,0.8915350279812497,0.8915350279812497
2024-01-10 19:45:00,Battery reserve created,"Predicted stress in 0 min, gap 49.9 kW",49.89643976538946,49.89643976538946,community_battery,0.0,0.0,0.8915350279812497,0.8915350279812497
2024-01-10 19:45:00,Pre-shift: hvac,Upcoming stress in 0 min (lead time preparation),49.89643976538946,49.89643976538946,hvac_fleet,45.0,45.0,0.8915350279812497,0.8915350279812497
2024-01-10 19:45:00,Pre-shift: ev_charging,Upcoming stress in 0 min (lead time preparation),49.89643976538946,49.89643976538946,ev_charging_fleet,4.896439765389459,4.896439765389459,0.8915350279812497,0.8915350279812497
2024-01-10 20:00:00,Battery reserve created,"Predicted stress in 0 min, gap 20.7 kW",20.72390450723333,20.72390450723333,community_battery,0.0,0.0,0.8915350279812497,0.8915350279812497
2024-01-10 20:00:00,Pre-shift: ev_charging,Upcoming stress in 0 min (lead time preparation),20.72390450723333,20.72390450723333,ev_charging_fleet,20.72390450723333,20.72390450723333,0.8915350279812497,0.8915350279812497
2024-01-10 20:15:00,Battery reserve created,"Predicted stress in 0 min, gap 29.5 kW",29.497264951923626,29.497264951923626,community_battery,0.0,0.0,0.8915350279812497,0.8915350279812497
2024-01-10 20:15:00,Pre-shift: ev_charging,Upcoming stress in 0 min (lead time preparation),29.497264951923626,29.497264951923626,ev_charging_fleet,29.497264951923626,29.497264951923626,0.8915350279812497,0.8915350279812497
2024-01-11 18:00:00,Battery reserve created,"Predicted stress in 0 min, gap 18.2 kW",18.219608052995227,18.219608052995227,community_battery,0.0,0.0,0.9,0.9
2024-01-11 18:00:00,Pre-shift: hvac,Upcoming stress in 0 min (lead time preparation),18.219608052995227,18.219608052995227,hvac_fleet,18.219608052995227,18.219608052995227,0.9,0.9
2024-01-11 18:15:00,Battery reserve created,"Predicted stress in 0 min, gap 36.6 kW",36.616282493176186,36.616282493176186,community_battery,0.0,0.0,0.9,0.9
2024-01-11 18:15:00,Pre-shift: hvac,Upcoming stress in 0 min (lead time preparation),36.616282493176186,36.616282493176186,hvac_fleet,26.780391947004773,26.780391947004773,0.9,0.9
2024-01-11 18:15:00,Pre-shift: ev_charging,Upcoming stress in 0 min (lead time preparation),36.616282493176186,36.616282493176186,ev_charging_fleet,9.835890546171413,9.835890546171413,0.9,0.9
2024-01-11 18:30:00,Battery reserve created,"Predicted stress in 0 min, gap 29.8 kW",29.774874258215732,29.774874258215732,community_battery,0.0,0.0,0.9,0.9
2024-01-11 18:30:00,Pre-shift: ev_charging,Upcoming stress in 0 min (lead time preparation),29.774874258215732,29.774874258215732,ev_charging_fleet,29.774874258215732,29.774874258215732,0.9,0.9
2024-01-11 18:45:00,Battery reserve created,"Predicted stress in 0 min, gap 57.9 kW",57.92934426809643,57.92934426809643,community_battery,0.0,0.0,0.9,0.9
2024-01-11 18:45:00,Pre-shift: ev_charging,Upcoming stress in 0 min (lead time preparation),57.92934426809643,57.92934426809643,ev_charging_fleet,57.92934426809643,57.92934426809643,0.9,0.9
2024-01-11 19:00:00,Battery reserve created,"Predicted stress in 0 min, gap 8.6 kW",8.5941432828713,8.5941432828713,community_battery,0.0,0.0,0.9,0.9
2024-01-11 19:00:00,Pre-shift: hvac,Upcoming stress in 0 min (lead time preparation),8.5941432828713,8.5941432828713,hvac_fleet,8.5941432828713,8.5941432828713,0.9,0.9
2024-01-11 19:15:00,Battery reserve created,"Predicted stress in 0 min, gap 10.9 kW",10.856010419215181,10.856010419215181,community_battery,0.0,0.0,0.9,0.9
2024-01-11 19:15:00,Pre-shift: hvac,Upcoming stress in 0 min (lead time preparation),10.856010419215181,10.856010419215181,hvac_fleet,10.856010419215181,10.856010419215181,0.9,0.9
2024-01-12 18:00:00,Battery predictive dispatch,Mitigating residual deficit of 156.7 kW,156.6943469867074,156.6943469867074,community_battery,156.6943469867074,150.0,0.9,0.8210526315789474
2024-01-12 18:15:00,Battery reserve created,"Predicted stress in 0 min, gap 56.8 kW",56.83634933670737,56.83634933670737,community_battery,0.0,0.0,0.8210526315789474,0.8210526315789474
2024-01-12 18:15:00,Pre-shift: ev_charging,Upcoming stress in 0 min (lead time preparation),56.83634933670737,56.83634933670737,ev_charging_fleet,28.305653013292613,28.305653013292613,0.8210526315789474,0.8210526315789474
2024-01-12 18:15:00,Pre-shift: water_pumping,Upcoming stress in 0 min (lead time preparation),56.83634933670737,56.83634933670737,water_pumping_fleet,28.53069632341476,28.53069632341476,0.8210526315789474,0.8210526315789474
2024-01-12 18:15:00,Battery predictive dispatch,Mitigating residual deficit of 31.4 kW,31.411472468012107,31.411472468012107,community_battery,31.411472468012107,31.411472468012107,0.8210526315789474,0.8045202776484147
2024-01-12 18:30:00,Battery reserve created,"Predicted stress in 0 min, gap 56.4 kW",56.400041737762876,56.400041737762876,community_battery,0.0,0.0,0.8045202776484147,0.8045202776484147
2024-01-12 18:30:00,Pre-shift: water_pumping,Upcoming stress in 0 min (lead time preparation),56.400041737762876,56.400041737762876,water_pumping_fleet,45.057831208573134,45.057831208573134,0.8045202776484147,0.8045202776484147
2024-01-12 18:30:00,Pre-shift: agricultural_pumping,Upcoming stress in 0 min (lead time preparation),56.400041737762876,56.400041737762876,agricultural_pumping_fleet,11.342210529189742,11.342210529189742,0.8045202776484147,0.8045202776484147
2024-01-12 18:45:00,Battery reserve created,"Predicted stress in 0 min, gap 51.7 kW",51.69875248776452,51.69875248776452,community_battery,0.0,0.0,0.8045202776484147,0.8045202776484147
2024-01-12 18:45:00,Pre-shift: agricultural_pumping,Upcoming stress in 0 min (lead time preparation),51.69875248776452,51.69875248776452,agricultural_pumping_fleet,48.65778947081026,48.65778947081026,0.8045202776484147,0.8045202776484147
2024-01-12 18:45:00,Pre-shift: commercial_refrigeration,Upcoming stress in 0 min (lead time preparation),51.69875248776452,51.69875248776452,commercial_refrigeration_fleet,3.040963016954265,3.040963016954265,0.8045202776484147,0.8045202776484147
2024-01-12 18:45:00,Battery predictive dispatch,Mitigating residual deficit of 76.2 kW,76.16584052756252,76.16584052756252,community_battery,76.16584052756252,76.16584052756252,0.8045202776484147,0.764432993160224
2024-01-12 19:00:00,Battery reserve created,"Predicted stress in 0 min, gap 99.0 kW",99.00997287981,99.00997287981,community_battery,0.0,0.0,0.764432993160224,0.764432993160224
2024-01-12 19:00:00,Pre-shift: hvac,Upcoming stress in 0 min (lead time preparation),99.00997287981,99.00997287981,hvac_fleet,45.0,45.0,0.764432993160224,0.764432993160224
2024-01-12 19:15:00,Battery reserve created,"Predicted stress in 0 min, gap 58.9 kW",58.91603850648971,58.91603850648971,community_battery,0.0,0.0,0.764432993160224,0.764432993160224
2024-01-12 19:15:00,Pre-shift: commercial_refrigeration,Upcoming stress in 0 min (lead time preparation),58.91603850648971,58.91603850648971,commercial_refrigeration_fleet,12.0,12.0,0.764432993160224,0.764432993160224
2024-01-12 19:30:00,Battery reserve created,"Predicted stress in 0 min, gap 30.4 kW",30.36927923074063,30.36927923074063,community_battery,0.0,0.0,0.764432993160224,0.764432993160224
2024-01-12 19:45:00,Battery reserve created,"Predicted stress in 0 min, gap 0.6 kW",0.6146353393855861,0.6146353393855861,community_battery,0.0,0.0,0.764432993160224,0.764432993160224
2024-01-12 19:45:00,Pre-shift: commercial_refrigeration,Upcoming stress in 0 min (lead time preparation),0.6146353393855861,0.6146353393855861,commercial_refrigeration_fleet,0.6146353393855861,0.6146353393855861,0.764432993160224,0.764432993160224
2024-01-12 20:00:00,Battery reserve created,"Predicted stress in 0 min, gap 19.7 kW",19.70142161069134,19.70142161069134,community_battery,0.0,0.0,0.764432993160224,0.764432993160224
2024-01-12 20:00:00,Pre-shift: hvac,Upcoming stress in 0 min (lead time preparation),19.70142161069134,19.70142161069134,hvac_fleet,19.70142161069134,19.70142161069134,0.764432993160224,0.764432993160224
2024-01-12 20:30:00,Battery predictive dispatch,Mitigating residual deficit of 0.5 kW,0.46157662519908627,0.46157662519908627,community_battery,0.46157662519908627,0.46157662519908627,0.764432993160224,0.7641900580943297
2024-01-12 20:45:00,Battery predictive dispatch,Mitigating residual deficit of 26.6 kW,26.61854410165097,26.61854410165097,community_battery,26.61854410165097,26.61854410165097,0.7641900580943297,0.7501802980408292
2024-01-13 17:30:00,Battery reserve created,"Predicted stress in 0 min, gap 22.3 kW",22.286407954072274,22.286407954072274,community_battery,0.0,0.0,0.9,0.9
2024-01-13 17:30:00,Pre-shift: hvac,Upcoming stress in 0 min (lead time preparation),22.286407954072274,22.286407954072274,hvac_fleet,22.286407954072274,22.286407954072274,0.9,0.9
2024-01-13 17:45:00,Battery reserve created,"Predicted stress in 0 min, gap 56.9 kW",56.85108918334163,56.85108918334163,community_battery,0.0,0.0,0.9,0.9
2024-01-13 17:45:00,Pre-shift: hvac,Upcoming stress in 0 min (lead time preparation),56.85108918334163,56.85108918334163,hvac_fleet,22.713592045927726,22.713592045927726,0.9,0.9
2024-01-13 17:45:00,Pre-shift: ev_charging,Upcoming stress in 0 min (lead time preparation),56.85108918334163,56.85108918334163,ev_charging_fleet,34.1374971374139,34.1374971374139,0.9,0.9
2024-01-13 18:00:00,Battery reserve created,"Predicted stress in 0 min, gap 179.6 kW",179.56279022728677,179.56279022728677,community_battery,0.0,0.0,0.9,0.9
2024-01-13 18:00:00,Pre-shift: ev_charging,Upcoming stress in 0 min (lead time preparation),179.56279022728677,179.56279022728677,ev_charging_fleet,105.8625028625861,105.8625028625861,0.9,0.9
2024-01-13 18:00:00,Pre-shift: water_pumping,Upcoming stress in 0 min (lead time preparation),179.56279022728677,179.56279022728677,water_pumping_fleet,73.70028736470067,73.70028736470067,0.9,0.9
2024-01-13 18:15:00,Battery reserve created,"Predicted stress in 0 min, gap 210.6 kW",210.59357678659762,210.59357678659762,community_battery,0.0,0.0,0.9,0.9
2024-01-13 18:15:00,Pre-shift: water_pumping,Upcoming stress in 0 min (lead time preparation),210.59357678659762,210.59357678659762,water_pumping_fleet,31.29971263529933,31.29971263529933,0.9,0.9
2024-01-13 18:15:00,Pre-shift: agricultural_pumping,Upcoming stress in 0 min (lead time preparation),210.59357678659762,210.59357678659762,agricultural_pumping_fleet,60.0,60.0,0.9,0.9
2024-01-13 18:15:00,Pre-shift: commercial_refrigeration,Upcoming stress in 0 min (lead time preparation),210.59357678659762,210.59357678659762,commercial_refrigeration_fleet,12.0,12.0,0.9,0.9
2024-01-13 18:30:00,Battery reserve created,"Predicted stress in 0 min, gap 224.7 kW",224.71855569210902,224.71855569210902,community_battery,0.0,0.0,0.9,0.9
2024-01-13 18:30:00,Pre-shift: hvac,Upcoming stress in 0 min (lead time preparation),224.71855569210902,224.71855569210902,hvac_fleet,22.286407954072274,22.286407954072274,0.9,0.9
2024-01-13 18:45:00,Battery reserve created,"Predicted stress in 0 min, gap 230.8 kW",230.84757723196708,230.84757723196708,community_battery,0.0,0.0,0.9,0.9
2024-01-13 18:45:00,Pre-shift: hvac,Upcoming stress in 0 min (lead time preparation),230.84757723196708,230.84757723196708,hvac_fleet,22.713592045927726,22.713592045927726,0.9,0.9
2024-01-13 18:45:00,Pre-shift: commercial_refrigeration,Upcoming stress in 0 min (lead time preparation),230.84757723196708,230.84757723196708,commercial_refrigeration_fleet,12.0,12.0,0.9,0.9
2024-01-13 19:00:00,Battery reserve created,"Predicted stress in 0 min, gap 278.1 kW",278.13379639777895,278.13379639777895,community_battery,0.0,0.0,0.9,0.9
2024-01-13 19:15:00,Battery reserve created,"Predicted stress in 0 min, gap 160.3 kW",160.31828159061752,160.31828159061752,community_battery,0.0,0.0,0.9,0.9
2024-01-13 19:15:00,Pre-shift: commercial_refrigeration,Upcoming stress in 0 min (lead time preparation),160.31828159061752,160.31828159061752,commercial_refrigeration_fleet,12.0,12.0,0.9,0.9
2024-01-13 19:30:00,Battery reserve created,"Predicted stress in 0 min, gap 121.6 kW",121.59691739670188,121.59691739670188,community_battery,0.0,0.0,0.9,0.9
2024-01-13 19:30:00,Pre-shift: hvac,Upcoming stress in 0 min (lead time preparation),121.59691739670188,121.59691739670188,hvac_fleet,22.286407954072274,22.286407954072274,0.9,0.9
2024-01-13 19:45:00,Battery reserve created,"Predicted stress in 0 min, gap 137.6 kW",137.6098073082917,137.6098073082917,community_battery,0.0,0.0,0.9,0.9
2024-01-13 19:45:00,Pre-shift: hvac,Upcoming stress in 0 min (lead time preparation),137.6098073082917,137.6098073082917,hvac_fleet,22.713592045927726,22.713592045927726,0.9,0.9
2024-01-13 19:45:00,Pre-shift: ev_charging,Upcoming stress in 0 min (lead time preparation),137.6098073082917,137.6098073082917,ev_charging_fleet,34.1374971374139,34.1374971374139,0.9,0.9
2024-01-13 19:45:00,Pre-shift: commercial_refrigeration,Upcoming stress in 0 min (lead time preparation),137.6098073082917,137.6098073082917,commercial_refrigeration_fleet,12.0,12.0,0.9,0.9
2024-01-13 20:00:00,Battery reserve created,"Predicted stress in 0 min, gap 25.9 kW",25.881364151390244,25.881364151390244,community_battery,0.0,0.0,0.9,0.9
2024-01-13 20:00:00,Pre-shift: ev_charging,Upcoming stress in 0 min (lead time preparation),25.881364151390244,25.881364151390244,ev_charging_fleet,25.881364151390244,25.881364151390244,0.9,0.9
2024-01-13 20:15:00,Battery reserve created,"Predicted stress in 0 min, gap 21.8 kW",21.758252075219843,21.758252075219843,community_battery,0.0,0.0,0.9,0.9
2024-01-13 20:15:00,Pre-shift: ev_charging,Upcoming stress in 0 min (lead time preparation),21.758252075219843,21.758252075219843,ev_charging_fleet,21.758252075219843,21.758252075219843,0.9,0.9
2024-01-13 20:30:00,Battery reserve created,"Predicted stress in 0 min, gap 27.0 kW",26.98877759077459,26.98877759077459,community_battery,0.0,0.0,0.9,0.9
2024-01-13 20:30:00,Pre-shift: hvac,Upcoming stress in 0 min (lead time preparation),26.98877759077459,26.98877759077459,hvac_fleet,22.286407954072274,22.286407954072274,0.9,0.9
2024-01-13 20:30:00,Pre-shift: ev_charging,Upcoming stress in 0 min (lead time preparation),26.98877759077459,26.98877759077459,ev_charging_fleet,4.702369636702315,4.702369636702315,0.9,0.9
2024-01-13 20:45:00,Battery reserve created,"Predicted stress in 0 min, gap 14.2 kW",14.188581659472675,14.188581659472675,community_battery,0.0,0.0,0.9,0.9
2024-01-13 20:45:00,Pre-shift: hvac,Upcoming stress in 0 min (lead time preparation),14.188581659472675,14.188581659472675,hvac_fleet,14.188581659472675,14.188581659472675,0.9,0.9
2024-01-16 18:45:00,Battery predictive dispatch,Mitigating residual deficit of 17.9 kW,17.873634850336202,17.873634850336202,community_battery,17.873634850336202,17.873634850336202,0.9,0.890592823762981
2024-01-17 18:45:00,Battery predictive dispatch,Mitigating residual deficit of 36.5 kW,36.476764637335236,36.476764637335236,community_battery,36.476764637335236,36.476764637335236,0.9,0.8808017028224552
2024-01-17 19:00:00,Battery predictive dispatch,Mitigating residual deficit of 0.4 kW,0.36627111871848683,0.36627111871848683,community_battery,0.36627111871848683,0.36627111871848683,0.8808017028224552,0.8806089285494455
2024-01-18 18:00:00,Battery reserve created,"Predicted stress in 0 min, gap 33.7 kW",33.74858940445847,33.74858940445847,community_battery,0.0,0.0,0.9,0.9
2024-01-18 18:00:00,Pre-shift: hvac,Upcoming stress in 0 min (lead time preparation),33.74858940445847,33.74858940445847,hvac_fleet,33.74858940445847,33.74858940445847,0.9,0.9
2024-01-18 18:15:00,Battery reserve created,"Predicted stress in 0 min, gap 45.6 kW",45.57468863442955,45.57468863442955,community_battery,0.0,0.0,0.9,0.9
2024-01-18 18:15:00,Pre-shift: hvac,Upcoming stress in 0 min (lead time preparation),45.57468863442955,45.57468863442955,hvac_fleet,11.251410595541529,11.251410595541529,0.9,0.9
2024-01-18 18:15:00,Pre-shift: ev_charging,Upcoming stress in 0 min (lead time preparation),45.57468863442955,45.57468863442955,ev_charging_fleet,34.32327803888802,34.32327803888802,0.9,0.9
2024-01-18 18:30:00,Battery reserve created,"Predicted stress in 0 min, gap 42.7 kW",42.6727181786091,42.6727181786091,community_battery,0.0,0.0,0.9,0.9
2024-01-18 18:30:00,Pre-shift: ev_charging,Upcoming stress in 0 min (lead time preparation),42.6727181786091,42.6727181786091,ev_charging_fleet,42.6727181786091,42.6727181786091,0.9,0.9
2024-01-18 18:45:00,Battery reserve created,"Predicted stress in 0 min, gap 54.7 kW",54.651390977348456,54.651390977348456,community_battery,0.0,0.0,0.9,0.9
2024-01-18 18:45:00,Pre-shift: ev_charging,Upcoming stress in 0 min (lead time preparation),54.651390977348456,54.651390977348456,ev_charging_fleet,54.651390977348456,54.651390977348456,0.9,0.9
2024-01-18 19:00:00,Battery reserve created,"Predicted stress in 0 min, gap 48.2 kW",48.21322913324639,48.21322913324639,community_battery,0.0,0.0,0.9,0.9
2024-01-18 19:00:00,Pre-shift: hvac,Upcoming stress in 0 min (lead time preparation),48.21322913324639,48.21322913324639,hvac_fleet,33.74858940445847,33.74858940445847,0.9,0.9
2024-01-18 19:00:00,Pre-shift: ev_charging,Upcoming stress in 0 min (lead time preparation),48.21322913324639,48.21322913324639,ev_charging_fleet,8.352612805154422,8.352612805154422,0.9,0.9
2024-01-18 19:00:00,Pre-shift: water_pumping,Upcoming stress in 0 min (lead time preparation),48.21322913324639,48.21322913324639,water_pumping_fleet,6.112026923633493,6.112026923633493,0.9,0.9
2024-01-18 19:15:00,Battery reserve created,"Predicted stress in 0 min, gap 29.9 kW",29.91096056198421,29.91096056198421,community_battery,0.0,0.0,0.9,0.9
2024-01-18 19:15:00,Pre-shift: hvac,Upcoming stress in 0 min (lead time preparation),29.91096056198421,29.91096056198421,hvac_fleet,11.251410595541529,11.251410595541529,0.9,0.9
2024-01-18 19:15:00,Pre-shift: water_pumping,Upcoming stress in 0 min (lead time preparation),29.91096056198421,29.91096056198421,water_pumping_fleet,18.659549966442682,18.659549966442682,0.9,0.9
2024-01-18 19:30:00,Battery reserve created,"Predicted stress in 0 min, gap 3.0 kW",3.032984463432058,3.032984463432058,community_battery,0.0,0.0,0.9,0.9
2024-01-18 19:30:00,Pre-shift: water_pumping,Upcoming stress in 0 min (lead time preparation),3.032984463432058,3.032984463432058,water_pumping_fleet,3.032984463432058,3.032984463432058,0.9,0.9
2024-01-18 19:45:00,Battery reserve created,"Predicted stress in 0 min, gap 0.6 kW",0.5887452126999051,0.5887452126999051,community_battery,0.0,0.0,0.9,0.9
2024-01-18 19:45:00,Pre-shift: water_pumping,Upcoming stress in 0 min (lead time preparation),0.5887452126999051,0.5887452126999051,water_pumping_fleet,0.5887452126999051,0.5887452126999051,0.9,0.9
2024-01-19 17:45:00,Battery reserve created,"Predicted stress in 0 min, gap 0.7 kW",0.6944858390320405,0.6944858390320405,community_battery,0.0,0.0,0.9,0.9
2024-01-19 17:45:00,Pre-shift: hvac,Upcoming stress in 0 min (lead time preparation),0.6944858390320405,0.6944858390320405,hvac_fleet,0.6944858390320405,0.6944858390320405,0.9,0.9
2024-01-19 18:00:00,Battery reserve created,"Predicted stress in 0 min, gap 22.7 kW",22.694692996206868,22.694692996206868,community_battery,0.0,0.0,0.9,0.9
2024-01-19 18:00:00,Pre-shift: hvac,Upcoming stress in 0 min (lead time preparation),22.694692996206868,22.694692996206868,hvac_fleet,22.694692996206868,22.694692996206868,0.9,0.9
2024-01-19 18:15:00,Battery reserve created,"Predicted stress in 0 min, gap 31.8 kW",31.756895491786054,31.756895491786054,community_battery,0.0,0.0,0.9,0.9
2024-01-19 18:15:00,Pre-shift: hvac,Upcoming stress in 0 min (lead time preparation),31.756895491786054,31.756895491786054,hvac_fleet,21.61082116476109,21.61082116476109,0.9,0.9
2024-01-19 18:15:00,Pre-shift: ev_charging,Upcoming stress in 0 min (lead time preparation),31.756895491786054,31.756895491786054,ev_charging_fleet,10.146074327024962,10.146074327024962,0.9,0.9
2024-01-19 18:15:00,Battery predictive dispatch,Mitigating residual deficit of 21.4 kW,21.446565957920484,21.446565957920484,community_battery,21.446565957920484,21.446565957920484,0.9,0.8887123337063577
2024-01-19 18:30:00,Battery reserve created,"Predicted stress in 0 min, gap 56.7 kW",56.724081948920684,56.724081948920684,community_battery,0.0,0.0,0.8887123337063577,0.8887123337063577
2024-01-19 18:30:00,Pre-shift: ev_charging,Upcoming stress in 0 min (lead time preparation),56.724081948920684,56.724081948920684,ev_charging_fleet,56.724081948920684,56.724081948920684,0.8887123337063577,0.8887123337063577
2024-01-19 18:45:00,Battery reserve created,"Predicted stress in 0 min, gap 48.3 kW",48.26600519133626,48.26600519133626,community_battery,0.0,0.0,0.8887123337063577,0.8887123337063577
2024-01-19 18:45:00,Pre-shift: hvac,Upcoming stress in 0 min (lead time preparation),48.26600519133626,48.26600519133626,hvac_fleet,0.6944858390320405,0.6944858390320405,0.8887123337063577,0.8887123337063577
2024-01-19 18:45:00,Pre-shift: ev_charging,Upcoming stress in 0 min (lead time preparation),48.26600519133626,48.26600519133626,ev_charging_fleet,47.57151935230422,47.57151935230422,0.8887123337063577,0.8887123337063577
2024-01-19 19:00:00,Battery reserve created,"Predicted stress in 0 min, gap 49.2 kW",49.22541024917973,49.22541024917973,community_battery,0.0,0.0,0.8887123337063577,0.8887123337063577
2024-01-19 19:00:00,Pre-shift: hvac,Upcoming stress in 0 min (lead time preparation),49.22541024917973,49.22541024917973,hvac_fleet,22.694692996206868,22.694692996206868,0.8887123337063577,0.8887123337063577
2024-01-19 19:00:00,Pre-shift: ev_charging,Upcoming stress in 0 min (lead time preparation),49.22541024917973,49.22541024917973,ev_charging_fleet,4.111758413829648,4.111758413829648,0.8887123337063577,0.8887123337063577
2024-01-19 19:00:00,Pre-shift: water_pumping,Upcoming stress in 0 min (lead time preparation),49.22541024917973,49.22541024917973,water_pumping_fleet,22.418958839143215,22.418958839143215,0.8887123337063577,0.8887123337063577
2024-01-19 19:15:00,Battery reserve created,"Predicted stress in 0 min, gap 20.5 kW",20.485891655983778,20.485891655983778,community_battery,0.0,0.0,0.8887123337063577,0.8887123337063577
2024-01-19 19:15:00,Pre-shift: hvac,Upcoming stress in 0 min (lead time preparation),20.485891655983778,20.485891655983778,hvac_fleet,20.485891655983778,20.485891655983778,0.8887123337063577,0.8887123337063577
2024-01-19 19:30:00,Battery reserve created,"Predicted stress in 0 min, gap 19.2 kW",19.202499205349795,19.202499205349795,community_battery,0.0,0.0,0.8887123337063577,0.8887123337063577
2024-01-19 19:30:00,Pre-shift: hvac,Upcoming stress in 0 min (lead time preparation),19.202499205349795,19.202499205349795,hvac_fleet,1.1249295087773135,1.1249295087773135,0.8887123337063577,0.8887123337063577
2024-01-19 19:30:00,Pre-shift: water_pumping,Upcoming stress in 0 min (lead time preparation),19.202499205349795,19.202499205349795,water_pumping_fleet,18.077569696572482,18.077569696572482,0.8887123337063577,0.8887123337063577
2024-01-19 19:45:00,Battery reserve created,"Predicted stress in 0 min, gap 13.1 kW",13.050949293487065,13.050949293487065,community_battery,0.0,0.0,0.8887123337063577,0.8887123337063577
2024-01-19 19:45:00,Pre-shift: hvac,Upcoming stress in 0 min (lead time preparation),13.050949293487065,13.050949293487065,hvac_fleet,0.6944858390320405,0.6944858390320405,0.8887123337063577,0.8887123337063577
2024-01-19 19:45:00,Pre-shift: water_pumping,Upcoming stress in 0 min (lead time preparation),13.050949293487065,13.050949293487065,water_pumping_fleet,12.356463454455024,12.356463454455024,0.8887123337063577,0.8887123337063577
2024-01-20 18:30:00,Battery reserve created,"Predicted stress in 0 min, gap 20.1 kW",20.131587483543626,20.131587483543626,community_battery,0.0,0.0,0.9,0.9
2024-01-20 18:30:00,Pre-shift: hvac,Upcoming stress in 0 min (lead time preparation),20.131587483543626,20.131587483543626,hvac_fleet,20.131587483543626,20.131587483543626,0.9,0.9
2024-01-20 18:30:00,Battery predictive dispatch,Mitigating residual deficit of 109.0 kW,108.97568928991905,108.97568928991905,community_battery,108.97568928991905,108.97568928991905,0.9,0.8426443740579374
2024-01-20 18:45:00,Battery reserve created,"Predicted stress in 0 min, gap 77.9 kW",77.91538579540975,77.91538579540975,community_battery,0.0,0.0,0.8426443740579374,0.8426443740579374
2024-01-20 18:45:00,Pre-shift: ev_charging,Upcoming stress in 0 min (lead time preparation),77.91538579540975,77.91538579540975,ev_charging_fleet,55.89272322653733,55.89272322653733,0.8426443740579374,0.8426443740579374
2024-01-20 18:45:00,Pre-shift: water_pumping,Upcoming stress in 0 min (lead time preparation),77.91538579540975,77.91538579540975,water_pumping_fleet,22.02266256887242,22.02266256887242,0.8426443740579374,0.8426443740579374
2024-01-20 19:00:00,Battery reserve created,"Predicted stress in 0 min, gap 49.1 kW",49.116018971707035,49.116018971707035,community_battery,0.0,0.0,0.8426443740579374,0.8426443740579374
2024-01-20 19:00:00,Pre-shift: water_pumping,Upcoming stress in 0 min (lead time preparation),49.116018971707035,49.116018971707035,water_pumping_fleet,49.116018971707035,49.116018971707035,0.8426443740579374,0.8426443740579374
2024-01-21 19:45:00,Battery predictive dispatch,Mitigating residual deficit of 6.5 kW,6.547317752274012,6.547317752274012,community_battery,6.547317752274012,6.547317752274012,0.9,0.8965540432882768
2024-01-22 19:00:00,Battery reserve created,"Predicted stress in 0 min, gap 2.3 kW",2.3221772988135854,2.3221772988135854,community_battery,0.0,0.0,0.9,0.9
2024-01-22 19:00:00,Pre-shift: hvac,Upcoming stress in 0 min (lead time preparation),2.3221772988135854,2.3221772988135854,hvac_fleet,2.3221772988135854,2.3221772988135854,0.9,0.9
2024-01-23 18:45:00,Battery predictive dispatch,Mitigating residual deficit of 15.8 kW,15.82142003943136,15.82142003943136,community_battery,15.82142003943136,15.82142003943136,0.9,0.891672936821352
2024-01-24 18:15:00,Battery reserve created,"Predicted stress in 0 min, gap 19.4 kW",19.394377831344627,19.394377831344627,community_battery,0.0,0.0,0.9,0.9
2024-01-24 18:15:00,Pre-shift: hvac,Upcoming stress in 0 min (lead time preparation),19.394377831344627,19.394377831344627,hvac_fleet,19.394377831344627,19.394377831344627,0.9,0.9
2024-01-24 18:30:00,Battery reserve created,"Predicted stress in 0 min, gap 11.0 kW",10.970852727545662,10.970852727545662,community_battery,0.0,0.0,0.9,0.9
2024-01-24 18:30:00,Pre-shift: hvac,Upcoming stress in 0 min (lead time preparation),10.970852727545662,10.970852727545662,hvac_fleet,10.970852727545662,10.970852727545662,0.9,0.9
2024-01-24 18:45:00,Battery reserve created,"Predicted stress in 0 min, gap 17.4 kW",17.43937436074839,17.43937436074839,community_battery,0.0,0.0,0.9,0.9
2024-01-24 18:45:00,Pre-shift: hvac,Upcoming stress in 0 min (lead time preparation),17.43937436074839,17.43937436074839,hvac_fleet,14.634769441109711,14.634769441109711,0.9,0.9
2024-01-24 18:45:00,Pre-shift: ev_charging,Upcoming stress in 0 min (lead time preparation),17.43937436074839,17.43937436074839,ev_charging_fleet,2.8046049196386775,2.8046049196386775,0.9,0.9
2024-01-24 18:45:00,Battery predictive dispatch,Mitigating residual deficit of 54.4 kW,54.410794719356545,54.410794719356545,community_battery,54.410794719356545,54.410794719356545,0.9,0.8713627396213913
2024-01-24 19:00:00,Battery reserve created,"Predicted stress in 0 min, gap 20.8 kW",20.823189290423215,20.823189290423215,community_battery,0.0,0.0,0.8713627396213913,0.8713627396213913
2024-01-24 19:00:00,Pre-shift: ev_charging,Upcoming stress in 0 min (lead time preparation),20.823189290423215,20.823189290423215,ev_charging_fleet,20.823189290423215,20.823189290423215,0.8713627396213913,0.8713627396213913
2024-01-24 19:30:00,Battery reserve created,"Predicted stress in 0 min, gap 3.4 kW",3.4135014326461715,3.4135014326461715,community_battery,0.0,0.0,0.8713627396213913,0.8713627396213913
2024-01-24 19:30:00,Pre-shift: hvac,Upcoming stress in 0 min (lead time preparation),3.4135014326461715,3.4135014326461715,hvac_fleet,3.4135014326461715,3.4135014326461715,0.8713627396213913,0.8713627396213913
2024-01-25 18:00:00,Battery reserve created,"Predicted stress in 0 min, gap 39.3 kW",39.32080505722843,39.32080505722843,community_battery,0.0,0.0,0.9,0.9
2024-01-25 18:00:00,Pre-shift: hvac,Upcoming stress in 0 min (lead time preparation),39.32080505722843,39.32080505722843,hvac_fleet,39.32080505722843,39.32080505722843,0.9,0.9
2024-01-25 18:15:00,Battery reserve created,"Predicted stress in 0 min, gap 38.5 kW",38.54402577281735,38.54402577281735,community_battery,0.0,0.0,0.9,0.9
2024-01-25 18:15:00,Pre-shift: hvac,Upcoming stress in 0 min (lead time preparation),38.54402577281735,38.54402577281735,hvac_fleet,5.6791949427715736,5.6791949427715736,0.9,0.9
2024-01-25 18:15:00,Pre-shift: ev_charging,Upcoming stress in 0 min (lead time preparation),38.54402577281735,38.54402577281735,ev_charging_fleet,32.864830830045776,32.864830830045776,0.9,0.9
2024-01-25 18:30:00,Battery reserve created,"Predicted stress in 0 min, gap 49.1 kW",49.12776967522723,49.12776967522723,community_battery,0.0,0.0,0.9,0.9
2024-01-25 18:30:00,Pre-shift: ev_charging,Upcoming stress in 0 min (lead time preparation),49.12776967522723,49.12776967522723,ev_charging_fleet,49.12776967522723,49.12776967522723,0.9,0.9
2024-01-25 18:30:00,Battery predictive dispatch,Mitigating residual deficit of 22.1 kW,22.08067172698702,22.08067172698702,community_battery,22.08067172698702,22.08067172698702,0.9,0.8883785938279016
2024-01-25 18:45:00,Battery reserve created,"Predicted stress in 0 min, gap 77.5 kW",77.45833919992356,77.45833919992356,community_battery,0.0,0.0,0.8883785938279016,0.8883785938279016
2024-01-25 18:45:00,Pre-shift: ev_charging,Upcoming stress in 0 min (lead time preparation),77.45833919992356,77.45833919992356,ev_charging_fleet,35.926727767739976,35.926727767739976,0.8883785938279016,0.8883785938279016
2024-01-25 18:45:00,Pre-shift: water_pumping,Upcoming stress in 0 min (lead time preparation),77.45833919992356,77.45833919992356,water_pumping_fleet,41.53161143218358,41.53161143218358,0.8883785938279016,0.8883785938279016
2024-01-25 19:00:00,Battery reserve created,"Predicted stress in 0 min, gap 82.5 kW",82.49248923237519,82.49248923237519,community_battery,0.0,0.0,0.8883785938279016,0.8883785938279016
2024-01-25 19:00:00,Pre-shift: hvac,Upcoming stress in 0 min (lead time preparation),82.49248923237519,82.49248923237519,hvac_fleet,39.32080505722843,39.32080505722843,0.8883785938279016,0.8883785938279016
2024-01-25 19:00:00,Pre-shift: water_pumping,Upcoming stress in 0 min (lead time preparation),82.49248923237519,82.49248923237519,water_pumping_fleet,43.171684175146765,43.171684175146765,0.8883785938279016,0.8883785938279016
2024-01-25 19:15:00,Battery reserve created,"Predicted stress in 0 min, gap 33.0 kW",33.009025508239574,33.009025508239574,community_battery,0.0,0.0,0.8883785938279016,0.8883785938279016
2024-01-25 19:15:00,Pre-shift: hvac,Upcoming stress in 0 min (lead time preparation),33.009025508239574,33.009025508239574,hvac_fleet,5.6791949427715736,5.6791949427715736,0.8883785938279016,0.8883785938279016
2024-01-25 19:15:00,Pre-shift: water_pumping,Upcoming stress in 0 min (lead time preparation),33.009025508239574,33.009025508239574,water_pumping_fleet,20.296704392669653,20.296704392669653,0.8883785938279016,0.8883785938279016
2024-01-25 19:15:00,Pre-shift: agricultural_pumping,Upcoming stress in 0 min (lead time preparation),33.009025508239574,33.009025508239574,agricultural_pumping_fleet,7.033126172798347,7.033126172798347,0.8883785938279016,0.8883785938279016
2024-01-25 19:30:00,Battery reserve created,"Predicted stress in 0 min, gap 24.6 kW",24.623972563901134,24.623972563901134,community_battery,0.0,0.0,0.8883785938279016,0.8883785938279016
2024-01-25 19:30:00,Pre-shift: agricultural_pumping,Upcoming stress in 0 min (lead time preparation),24.623972563901134,24.623972563901134,agricultural_pumping_fleet,24.623972563901134,24.623972563901134,0.8883785938279016,0.8883785938279016
2024-01-26 17:45:00,Battery reserve created,"Predicted stress in 0 min, gap 57.7 kW",57.69692792502747,57.69692792502747,community_battery,0.0,0.0,0.9,0.9
2024-01-26 17:45:00,Pre-shift: hvac,Upcoming stress in 0 min (lead time preparation),57.69692792502747,57.69692792502747,hvac_fleet,45.0,45.0,0.9,0.9
2024-01-26 17:45:00,Pre-shift: ev_charging,Upcoming stress in 0 min (lead time preparation),57.69692792502747,57.69692792502747,ev_charging_fleet,12.696927925027467,12.696927925027467,0.9,0.9
2024-01-26 18:00:00,Battery reserve created,"Predicted stress in 0 min, gap 94.1 kW",94.10972716562128,94.10972716562128,community_battery,0.0,0.0,0.9,0.9
2024-01-26 18:00:00,Pre-shift: ev_charging,Upcoming stress in 0 min (lead time preparation),94.10972716562128,94.10972716562128,ev_charging_fleet,94.10972716562128,94.10972716562128,0.9,0.9
2024-01-26 18:00:00,Battery predictive dispatch,Mitigating residual deficit of 41.9 kW,41.87691559790437,41.87691559790437,community_battery,41.87691559790437,41.87691559790437,0.9,0.8779595181063662
2024-01-26 18:15:00,Battery reserve created,"Predicted stress in 0 min, gap 138.0 kW",137.98741206662362,137.98741206662362,community_battery,0.0,0.0,0.8779595181063662,0.8779595181063662
2024-01-26 18:15:00,Pre-shift: water_pumping,Upcoming stress in 0 min (lead time preparation),137.98741206662362,137.98741206662362,water_pumping_fleet,96.31642931144688,96.31642931144688,0.8779595181063662,0.8779595181063662
2024-01-26 18:15:00,Pre-shift: agricultural_pumping,Upcoming stress in 0 min (lead time preparation),137.98741206662362,137.98741206662362,agricultural_pumping_fleet,41.67098275517674,41.67098275517674,0.8779595181063662,0.8779595181063662
2024-01-26 18:30:00,Battery reserve created,"Predicted stress in 0 min, gap 133.6 kW",133.634195995764,133.634195995764,community_battery,0.0,0.0,0.8779595181063662,0.8779595181063662
2024-01-26 18:30:00,Pre-shift: agricultural_pumping,Upcoming stress in 0 min (lead time preparation),133.634195995764,133.634195995764,agricultural_pumping_fleet,18.329017244823262,18.329017244823262,0.8779595181063662,0.8779595181063662
2024-01-26 18:30:00,Pre-shift: commercial_refrigeration,Upcoming stress in 0 min (lead time preparation),133.634195995764,133.634195995764,commercial_refrigeration_fleet,12.0,12.0,0.8779595181063662,0.8779595181063662
2024-01-26 18:45:00,Battery reserve created,"Predicted stress in 0 min, gap 134.1 kW",134.09447143659554,134.09447143659554,community_battery,0.0,0.0,0.8779595181063662,0.8779595181063662
2024-01-26 18:45:00,Pre-shift: hvac,Upcoming stress in 0 min (lead time preparation),134.09447143659554,134.09447143659554,hvac_fleet,45.0,45.0,0.8779595181063662,0.8779595181063662
2024-01-26 19:00:00,Battery reserve created,"Predicted stress in 0 min, gap 133.8 kW",133.75133578697614,133.75133578697614,community_battery,0.0,0.0,0.8779595181063662,0.8779595181063662
2024-01-26 19:00:00,Pre-shift: commercial_refrigeration,Upcoming stress in 0 min (lead time preparation),133.75133578697614,133.75133578697614,commercial_refrigeration_fleet,12.0,12.0,0.8779595181063662,0.8779595181063662
2024-01-26 19:15:00,Battery reserve created,"Predicted stress in 0 min, gap 92.3 kW",92.31455842426567,92.31455842426567,community_battery,0.0,0.0,0.8779595181063662,0.8779595181063662
2024-01-26 19:30:00,Battery reserve created,"Predicted stress in 0 min, gap 71.8 kW",71.84315715359435,71.84315715359435,community_battery,0.0,0.0,0.8779595181063662,0.8779595181063662
2024-01-26 19:30:00,Pre-shift: commercial_refrigeration,Upcoming stress in 0 min (lead time preparation),71.84315715359435,71.84315715359435,commercial_refrigeration_fleet,12.0,12.0,0.8779595181063662,0.8779595181063662
2024-01-26 19:45:00,Battery reserve created,"Predicted stress in 0 min, gap 49.6 kW",49.62738719903473,49.62738719903473,community_battery,0.0,0.0,0.8779595181063662,0.8779595181063662
2024-01-26 19:45:00,Pre-shift: hvac,Upcoming stress in 0 min (lead time preparation),49.62738719903473,49.62738719903473,hvac_fleet,45.0,45.0,0.8779595181063662,0.8779595181063662
2024-01-26 19:45:00,Pre-shift: ev_charging,Upcoming stress in 0 min (lead time preparation),49.62738719903473,49.62738719903473,ev_charging_fleet,4.627387199034729,4.627387199034729,0.8779595181063662,0.8779595181063662
2024-01-26 20:00:00,Battery reserve created,"Predicted stress in 0 min, gap 34.5 kW",34.476176510623645,34.476176510623645,community_battery,0.0,0.0,0.8779595181063662,0.8779595181063662
2024-01-26 20:00:00,Pre-shift: ev_charging,Upcoming stress in 0 min (lead time preparation),34.476176510623645,34.476176510623645,ev_charging_fleet,34.476176510623645,34.476176510623645,0.8779595181063662,0.8779595181063662
2024-01-26 20:15:00,Battery reserve created,"Predicted stress in 0 min, gap 66.6 kW",66.58796351472893,66.58796351472893,community_battery,0.0,0.0,0.8779595181063662,0.8779595181063662
2024-01-26 20:15:00,Pre-shift: ev_charging,Upcoming stress in 0 min (lead time preparation),66.58796351472893,66.58796351472893,ev_charging_fleet,66.58796351472893,66.58796351472893,0.8779595181063662,0.8779595181063662
2024-01-27 18:00:00,Battery reserve created,"Predicted stress in 0 min, gap 27.4 kW",27.383214230806516,27.383214230806516,community_battery,0.0,0.0,0.9,0.9
2024-01-27 18:00:00,Pre-shift: hvac,Upcoming stress in 0 min (lead time preparation),27.383214230806516,27.383214230806516,hvac_fleet,27.383214230806516,27.383214230806516,0.9,0.9
2024-01-27 18:15:00,Battery reserve created,"Predicted stress in 0 min, gap 60.4 kW",60.376390919327605,60.376390919327605,community_battery,0.0,0.0,0.9,0.9
2024-01-27 18:15:00,Pre-shift: hvac,Upcoming stress in 0 min (lead time preparation),60.376390919327605,60.376390919327605,hvac_fleet,17.616785769193484,17.616785769193484,0.9,0.9
2024-01-27 18:15:00,Pre-shift: ev_charging,Upcoming stress in 0 min (lead time preparation),60.376390919327605,60.376390919327605,ev_charging_fleet,42.75960515013412,42.75960515013412,0.9,0.9
2024-01-27 18:30:00,Battery reserve created,"Predicted stress in 0 min, gap 53.3 kW",53.29638763547155,53.29638763547155,community_battery,0.0,0.0,0.9,0.9
2024-01-27 18:30:00,Pre-shift: ev_charging,Upcoming stress in 0 min (lead time preparation),53.29638763547155,53.29638763547155,ev_charging_fleet,53.29638763547155,53.29638763547155,0.9,0.9
2024-01-27 18:45:00,Battery reserve created,"Predicted stress in 0 min, gap 75.3 kW",75.30902643117861,75.30902643117861,community_battery,0.0,0.0,0.9,0.9
2024-01-27 18:45:00,Pre-shift: ev_charging,Upcoming stress in 0 min (lead time preparation),75.30902643117861,75.30902643117861,ev_charging_fleet,43.94400721439433,43.94400721439433,0.9,0.9
2024-01-27 18:45:00,Pre-shift: water_pumping,Upcoming stress in 0 min (lead time preparation),75.30902643117861,75.30902643117861,water_pumping_fleet,31.365019216784276,31.365019216784276,0.9,0.9
2024-01-27 19:00:00,Battery reserve created,"Predicted stress in 0 min, gap 73.0 kW",72.98783041525849,72.98783041525849,community_battery,0.0,0.0,0.9,0.9
2024-01-27 19:00:00,Pre-shift: hvac,Upcoming stress in 0 min (lead time preparation),72.98783041525849,72.98783041525849,hvac_fleet,27.383214230806516,27.383214230806516,0.9,0.9
2024-01-27 19:00:00,Pre-shift: water_pumping,Upcoming stress in 0 min (lead time preparation),72.98783041525849,72.98783041525849,water_pumping_fleet,45.60461618445197,45.60461618445197,0.9,0.9
2024-01-27 19:15:00,Battery reserve created,"Predicted stress in 0 min, gap 21.4 kW",21.42145008778425,21.42145008778425,community_battery,0.0,0.0,0.9,0.9
2024-01-27 19:15:00,Pre-shift: hvac,Upcoming stress in 0 min (lead time preparation),21.42145008778425,21.42145008778425,hvac_fleet,17.616785769193484,17.616785769193484,0.9,0.9
2024-01-27 19:15:00,Pre-shift: water_pumping,Upcoming stress in 0 min (lead time preparation),21.42145008778425,21.42145008778425,water_pumping_fleet,3.804664318590767,3.804664318590767,0.9,0.9
2024-01-29 18:15:00,Battery predictive dispatch,Mitigating residual deficit of 21.2 kW,21.166971421028393,21.166971421028393,community_battery,21.166971421028393,21.166971421028393,0.9,0.8888594887257746
2024-01-29 18:30:00,Battery reserve created,"Predicted stress in 0 min, gap 17.6 kW",17.587191309345144,17.587191309345144,community_battery,0.0,0.0,0.8888594887257746,0.8888594887257746
2024-01-29 18:30:00,Pre-shift: hvac,Upcoming stress in 0 min (lead time preparation),17.587191309345144,17.587191309345144,hvac_fleet,17.587191309345144,17.587191309345144,0.8888594887257746,0.8888594887257746
2024-01-29 18:30:00,Battery predictive dispatch,Mitigating residual deficit of 19.2 kW,19.213693266777682,19.213693266777682,community_battery,19.213693266777682,19.213693266777682,0.8888594887257746,0.8787470185853653
2024-01-29 18:45:00,Battery reserve created,"Predicted stress in 0 min, gap 37.0 kW",37.04454182915106,37.04454182915106,community_battery,0.0,0.0,0.8787470185853653,0.8787470185853653
2024-01-29 18:45:00,Pre-shift: ev_charging,Upcoming stress in 0 min (lead time preparation),37.04454182915106,37.04454182915106,ev_charging_fleet,37.04454182915106,37.04454182915106,0.8787470185853653,0.8787470185853653
2024-01-29 18:45:00,Battery predictive dispatch,Mitigating residual deficit of 70.5 kW,70.46247141748745,70.46247141748745,community_battery,70.46247141748745,70.46247141748745,0.8787470185853653,0.8416615073130035
2024-01-29 19:00:00,Battery reserve created,"Predicted stress in 0 min, gap 59.0 kW",59.02281430104813,59.02281430104813,community_battery,0.0,0.0,0.8416615073130035,0.8416615073130035
2024-01-29 19:00:00,Pre-shift: ev_charging,Upcoming stress in 0 min (lead time preparation),59.02281430104813,59.02281430104813,ev_charging_fleet,19.525130756210274,19.525130756210274,0.8416615073130035,0.8416615073130035
2024-01-29 19:00:00,Pre-shift: water_pumping,Upcoming stress in 0 min (lead time preparation),59.02281430104813,59.02281430104813,water_pumping_fleet,39.497683544837855,39.497683544837855,0.8416615073130035,0.8416615073130035
2024-01-29 19:15:00,Battery reserve created,"Predicted stress in 0 min, gap 46.1 kW",46.14405084160671,46.14405084160671,community_battery,0.0,0.0,0.8416615073130035,0.8416615073130035
2024-01-29 19:15:00,Pre-shift: hvac,Upcoming stress in 0 min (lead time preparation),46.14405084160671,46.14405084160671,hvac_fleet,21.166971421028393,21.166971421028393,0.8416615073130035,0.8416615073130035
2024-01-29 19:15:00,Pre-shift: water_pumping,Upcoming stress in 0 min (lead time preparation),46.14405084160671,46.14405084160671,water_pumping_fleet,24.97707942057832,24.97707942057832,0.8416615073130035,0.8416615073130035
2024-01-29 19:30:00,Battery reserve created,"Predicted stress in 0 min, gap 22.9 kW",22.909338419270625,22.909338419270625,community_battery,0.0,0.0,0.8416615073130035,0.8416615073130035
2024-01-29 19:30:00,Pre-shift: hvac,Upcoming stress in 0 min (lead time preparation),22.909338419270625,22.909338419270625,hvac_fleet,22.909338419270625,22.909338419270625,0.8416615073130035,0.8416615073130035
